{"cameraMode":{"drawMode":0,"name":"Shaded","section":"Shading Mode"},"sceneLighting":true,"audioPlay":false,"sceneViewState":{"m_AlwaysRefresh":false,"showFog":true,"showSkybox":true,"showFlares":true,"showImageEffects":true,"showParticleSystems":true,"showVisualEffectGraphs":true,"m_FxEnabled":true},"in2DMode":false,"pivot":{"x":-20.716407775878908,"y":-3.5722599029541017,"z":-2.657406806945801},"rotation":{"x":0.09024672955274582,"y":-0.7819115519523621,"z":0.11649315059185028,"w":0.6057320237159729},"size":21.580081939697267,"orthographic":false}