{"cameraMode":{"drawMode":0,"name":"Shaded","section":"Shading Mode"},"sceneLighting":true,"audioPlay":false,"sceneViewState":{"m_AlwaysRefresh":false,"showFog":true,"showSkybox":true,"showFlares":true,"showImageEffects":true,"showParticleSystems":true,"showVisualEffectGraphs":true,"m_FxEnabled":true},"in2DMode":false,"pivot":{"x":-30.87117576599121,"y":4.379657745361328,"z":15.40109634399414},"rotation":{"x":-0.13754551112651826,"y":-0.016039589419960977,"z":0.002223110757768154,"w":-0.9903720021247864},"size":95.16874694824219,"orthographic":true}